,,Spend,Spend,Spend,Spend,Spend,Gross CPA,Gross CPA,Gross CPA,Gross CPA,Gross CPA,NET CPA,NET CPA,NET CPA,NET CPA,NET CPA
CATEGORY,SUB_CATEGORY,OCT25_CD_SPEND,NOV25_CD_SPEND,DEC25_CD_SPEND,JAN26_CD_SPEND,FEB26_CD_SPEND,OCT25_GrossCPA,NOV25_GrossCPA,DEC25_GrossCPA,JAN26_GrossCPA,FEB26_GrossCPA,OCT25_NET_CPA,NOV25_NET_CPA,DEC25_NET_CPA,JAN26_NET_CPA,FEB26_NET_CPA
Architecture and Engineering Occupations,Aerospace Engineers,122,458,933,727,121,24.39,14.77,58.31,33.06,12.11,9.32,2.65,24.83,8.95,3.16
Architecture and Engineering Occupations,"Architects, Except Naval",24,69,465,543,747,7.97,34.7,9.29,12.07,15.25,6.49,26.74,5.11,7.55,7.32
Architecture and Engineering Occupations,Bioengineers and Biomedical Engineers,268,1392,1895,282,137,14.91,10.55,9.67,17.63,19.59,6.94,3.05,1.87,10.13,6.58
Architecture and Engineering Occupations,Chemical Engineers,729,1249,2028,1236,76,34.72,21.53,12.14,16.06,38.05,11.76,3.7,2.46,3.05,17.44
Architecture and Engineering Occupations,Civil Engineers,545,631,722,539,598,16.53,7.34,6.5,5.67,4.86,7.29,4.99,4.06,3.33,3.94
Architecture and Engineering Occupations,Computer Hardware Engineers,1326,814,293,115,189,441.91,90.46,48.91,38.2,27.07,177.96,71.38,29.24,20.71,9.04
Architecture and Engineering Occupations,Drafters,240,1504,4066,246,260,9.98,15.66,15.34,3.85,13.66,5.61,2.84,1.83,3,7.32
Architecture and Engineering Occupations,Electrical and Electronics Engineers,3335,2378,4541,2977,1946,6.58,9.08,8.54,6.01,20.27,2.55,3.52,3.18,2.35,7.04
Architecture and Engineering Occupations,"Engineering Technologists and Technicians, Except Drafters",7928,6281,5920,5567,5868,21.48,16.06,18.33,23.1,20.45,10.78,7.65,9.58,12.17,10.06
Architecture and Engineering Occupations,Environmental Engineers,5,230,51,216,6,5.31,22.99,17.1,16.61,,4.25,5.61,10.47,2.05,
Architecture and Engineering Occupations,"Industrial Engineers, Including Health and Safety",15469,20668,23491,11226,14781,13.71,13.89,14.56,13.93,18.81,3.35,3.34,4.05,7.15,8.3
Architecture and Engineering Occupations,Marine Engineers and Naval Architects,3,2,1,1,1,,,,,,,,,,
Architecture and Engineering Occupations,Materials Engineers,417,581,842,1676,629,24.55,52.85,24.06,31.03,33.08,10.98,15.33,13.74,11.75,10.15
Architecture and Engineering Occupations,Mechanical Engineers,4884,3922,16121,12916,17438,22.4,21.67,36.31,71.36,76.48,9.32,6.57,11.94,20.01,22.29
Architecture and Engineering Occupations,"Mining and Geological Engineers, Including Mining Safety Engineers",0,18,46,264,7,,,,16.52,,,,,3.24,
Architecture and Engineering Occupations,Miscellaneous Engineers,641,1073,2805,1102,598,21.38,8.87,10.51,47.92,33.25,10.25,3.77,4.61,22.59,17.94
Architecture and Engineering Occupations,Nuclear Engineers,30,258,79,279,1,29.77,51.55,,21.44,,25.97,12.74,,10.77,
Architecture and Engineering Occupations,Petroleum Engineers,0,0,0,308,0,,,,20.56,,,,,7.04,
Architecture and Engineering Occupations,Surveying and Mapping Technicians,1,33,0,169,176,,33.39,,3.94,17.63,,17.48,,3.26,10.06
Architecture and Engineering Occupations,"Surveyors, Cartographers, and Photogrammetrists",0,1,98,0,159,,,97.59,,3.12,,,90.59,,2.83
"Arts, Design, Entertainment, Sports, and Media Occupations","Actors, Producers, and Directors",75,459,213,4,197,37.69,152.84,3.18,1.18,32.81,27.06,36.25,3.05,1.03,11.46
"Arts, Design, Entertainment, Sports, and Media Occupations",Artists and Related Workers,8,19,1140,114,3,,0.52,3.6,3.36,1.7,,0.5,3.43,3.37,0.97
"Arts, Design, Entertainment, Sports, and Media Occupations","Athletes, Coaches, Umpires, and Related Workers",3,18,123,11,1,,17.59,61.56,,,,9.05,32.11,,
"Arts, Design, Entertainment, Sports, and Media Occupations","Broadcast, Sound, and Lighting Technicians",295,325,3203,133,55,5,4.12,33.36,19.06,55.25,2.65,2.53,15.21,4.23,51.76
"Arts, Design, Entertainment, Sports, and Media Occupations",Dancers and Choreographers,0,0,0,1,0,,,,,,,,,,
"Arts, Design, Entertainment, Sports, and Media Occupations",Designers,3678,1543,2761,3462,3908,9.41,5.43,6.82,9.78,3.28,4.53,2.48,4.33,4.49,1.86
"Arts, Design, Entertainment, Sports, and Media Occupations","Miscellaneous Entertainers and Performers, Sports and Related Workers",1191,148,35,0,5,49.61,1.18,0.77,0.25,5.27,40.54,1.18,0.77,0.25,4.05
"Arts, Design, Entertainment, Sports, and Media Occupations",Miscellaneous Media and Communication Workers,1,6109,8968,34943,6125,,4.92,6.37,8.29,10.58,,1,1.14,1,1.99
"Arts, Design, Entertainment, Sports, and Media Occupations","Musicians, Singers, and Related Workers",0,3,0,2,2,,,,,,,,,,
"Arts, Design, Entertainment, Sports, and Media Occupations","News Analysts, Reporters and Journalists",253,1,1,3,0,84.38,,,3.34,,30.32,,,2.26,
"Arts, Design, Entertainment, Sports, and Media Occupations",Photographers,0,0,1,0,0,,,,,,,,,,
"Arts, Design, Entertainment, Sports, and Media Occupations",Public Relations Specialists,549,76,1504,2215,3631,36.61,10.91,4.73,45.2,31.57,18.58,8.97,4.49,17.23,15.29
"Arts, Design, Entertainment, Sports, and Media Occupations","Television, Video, and Film Camera Operators and Editors",0,0,125,0,0,,0,0.91,,,,0,0.43,,
"Arts, Design, Entertainment, Sports, and Media Occupations",Writers and Editors,31298,47662,163627,18651,6041,1.93,1361.78,31.51,9.01,13.79,0,1296.73,26.09,1.03,1.03
Building and Grounds Cleaning and Maintenance Occupations,Building Cleaning Workers,5800,5333,4253,3675,5666,5.28,4.17,3.48,8.31,10.92,2.53,1.92,1.81,3.69,4.99
Building and Grounds Cleaning and Maintenance Occupations,First-Line Supervisors of Building and Grounds Cleaning and Maintenance Workers,866,2155,2613,482,2357,18.05,15.73,22.72,9.84,21.63,10.9,7.53,11.76,5.61,9.83
Building and Grounds Cleaning and Maintenance Occupations,Grounds Maintenance Workers,163,611,225,23,122,8.56,305.48,,3.81,6.08,3.53,140.79,,3.04,4.81
Building and Grounds Cleaning and Maintenance Occupations,Pest Control Workers,0,0,1,0,0,,,,,,,,,,
Business and Financial Operations Occupations,Accountants and Auditors,19994,40987,43391,19156,10423,11,11.18,6.3,7.22,22.91,2.93,1.81,1.96,2.48,13.63
Business and Financial Operations Occupations,"Agents and Business Managers of Artists, Performers, and Athletes",2,1,0,0,0,,,,,,,,,,
Business and Financial Operations Occupations,Budget Analysts,7,1,16,1,2,6.68,,16.37,,,4.3,,5.58,,
Business and Financial Operations Occupations,Buyers and Purchasing Agents,16719,13285,16684,18790,20468,80,52.93,94.26,80.99,109.46,55.88,41.07,60.12,53.87,68.44
Business and Financial Operations Occupations,"Claims Adjusters, Appraisers, Examiners, and Investigators",3186,990,353,380,75,36.21,19.81,8.83,10.26,9.33,14.78,10.98,5.6,5.34,6.21
Business and Financial Operations Occupations,"Compensation, Benefits, and Job Analysis Specialists",724,1197,1116,678,780,5.1,8.8,1.74,0.42,3.02,3.21,4.8,0.96,0.27,1.55
Business and Financial Operations Occupations,Compliance Officers,1451,1439,1326,1355,887,31.54,16.17,21.74,19.64,23.34,22.48,11.95,8.33,8.76,9.5
Business and Financial Operations Occupations,Cost Estimators,1375,543,132,732,636,11.46,6.38,4.72,5.34,6.36,7.21,4.42,4.21,3.49,5.44
Business and Financial Operations Occupations,Credit Analysts,808,336,460,308,228,26.92,55.97,65.77,10.99,14.22,11.92,20.77,13.25,6.2,7.61
Business and Financial Operations Occupations,Credit Counselors and Loan Officers,3743,1190,1245,564,268,15.47,13.67,9.09,11.74,66.92,12,7.17,5.18,7,36.13
Business and Financial Operations Occupations,Financial Analysts and Advisors,39831,10949,33160,14959,8121,13.8,16.41,6.42,8.71,23.54,0.27,1.97,1.82,2.94,11.26
Business and Financial Operations Occupations,Financial Examiners,543,680,158,442,118,16.96,26.17,7.17,10.04,9.87,19.02,16.48,4.44,4.62,4.33
Business and Financial Operations Occupations,Fundraisers,0,0,1,0,350,,,,,26.91,,,,,13.4
Business and Financial Operations Occupations,Human Resources Workers,4774,17898,12883,12633,8034,13.37,40.22,20.95,21.67,12.69,6.24,29.7,12.36,11.79,7.08
Business and Financial Operations Occupations,Logisticians and Project Management Specialists,6506,9277,16520,6963,6085,11.96,10.03,7.08,6.75,10.19,5.26,5.91,5.02,3.66,4.25
Business and Financial Operations Occupations,Management Analysts,4311,3031,9722,5254,3985,16.15,6.07,11.45,13.86,11.23,6.01,2.75,5.3,4.84,4.23
Business and Financial Operations Occupations,Market Research Analysts and Marketing Specialists,43323,599404,552770,16902,13260,5.55,4.52,3.8,1.73,3.29,1.09,1.57,1.82,1.08,1.49
Business and Financial Operations Occupations,"Meeting, Convention, and Event Planners",5261,5285,6187,450,1365,12.15,8.74,8.36,7.75,27.3,3.77,2.44,4.69,4.04,9.02
Business and Financial Operations Occupations,Miscellaneous Business Operations Specialists,11409,2632,4012,683,2564,9.45,22.3,13.74,11.78,21.19,7.81,15.08,9.03,5.94,7.57
Business and Financial Operations Occupations,Miscellaneous Financial Specialists,1,186,31,9,178,0.02,9.8,10.35,3.16,44.61,0.02,2.48,2.58,1.18,22.45
Business and Financial Operations Occupations,Property Appraisers and Assessors,16,0,3,3,0,16.08,,,,,4.8,,,,
Business and Financial Operations Occupations,"Tax Examiners, Collectors and Preparers, and Revenue Agents",445,691,488,1071,523,49.39,43.19,12.5,19.84,26.13,16.71,17.32,8.85,7.79,15.2
Business and Financial Operations Occupations,Training and Development Specialists,3035,2418,4548,2144,1002,7.9,16.79,14.44,22.57,13.73,4.64,8.4,7.57,11.37,8.22
Community and Social Service Occupations,Counselors,11362,18117,24917,17072,9864,8.04,11.54,11.75,8.71,9.18,5.24,6.98,6.14,4.36,4.73
Community and Social Service Occupations,"Directors, Religious Activities and Education",0,0,0,0,0,,,,,,,,,,
Community and Social Service Occupations,Miscellaneous Community and Social Service Specialists,3409,1831,4026,1938,2333,58.77,13.36,12.13,31.77,18.37,29.05,7.24,5.89,14.99,9.21
Community and Social Service Occupations,Miscellaneous Religious Workers,5,2,2,2,3,,,,,0.96,,,,,0.7
Community and Social Service Occupations,Social Workers,6435,6169,2255,3264,5467,13.69,29.1,30.9,31.69,22.59,6.73,15.09,14.22,15.58,11.91
Computer and Mathematical Occupations,Actuaries,2,2,0,0,101,1.56,,,,25.28,1.25,,,,6
Computer and Mathematical Occupations,Computer Support Specialists,4309,4740,5497,4613,3118,14.66,8.78,7.86,24.94,21.65,4.54,3.15,4.09,10.05,9.48
Computer and Mathematical Occupations,Computer and Information Analysts,3967,3344,20667,3748,6079,4.51,7.45,3,6.63,132.14,2,2.59,2.65,2.59,65.26
Computer and Mathematical Occupations,Computer and Information Research Scientists,472,294,4078,86,2,94.34,42.05,5.18,4.52,1,57.17,41.32,4.45,1.47,0.92
Computer and Mathematical Occupations,Data Scientists,19317,13037,13008,1084,3638,5.63,37.35,7.85,4.32,7.5,0.14,27.29,6.25,2.63,2.69
Computer and Mathematical Occupations,Database and Network Administrators and Architects,3447,6016,7773,4559,1930,10.84,9.64,6.42,21.3,14.73,7.29,3.67,4.12,10.65,9.07
Computer and Mathematical Occupations,Miscellaneous Computer Occupations,4592,7334,12502,6236,8476,17.8,13.51,5.85,11.12,11.12,6.06,5.18,3.81,4.73,5.56
Computer and Mathematical Occupations,Miscellaneous Mathematical Science Occupations,0,16,1,1,0,,,,,,,,,,
Computer and Mathematical Occupations,Operations Research Analysts,27,384,3941,1394,319,1.81,3.1,2.57,9.05,5.6,0.94,1.28,2.5,2.02,4.65
Computer and Mathematical Occupations,"Software and Web Developers, Programmers, and Testers",67424,72062,149490,44090,31239,7.66,11.33,5.82,4.78,5.42,0.75,5.96,3.55,2.63,3.73
Computer and Mathematical Occupations,Statisticians,7,10,4,20,1,,10.22,,,,,3.59,,,
Construction and Extraction Occupations,Boilermakers,1,4,1,22,0,,,,,,,,,,
Construction and Extraction Occupations,"Brickmasons, Blockmasons, and Stonemasons",11,1,9,67,49,,,4.49,3.17,4.95,,,4.49,2.62,4.61
Construction and Extraction Occupations,Carpenters,3022,1590,527,3663,1204,13.92,8.28,9.77,7.78,5.63,7.95,4.43,5.45,5.11,4.08
Construction and Extraction Occupations,"Carpet, Floor, and Tile Installers and Finishers",339,646,7,243,103,113.1,323.08,,9.74,3.23,41.63,115.74,,5.48,2.95
Construction and Extraction Occupations,"Cement Masons, Concrete Finishers, and Terrazzo Workers",28,29,307,362,3201,27.86,14.46,17.08,2.48,9.5,10.61,13.68,8.03,2.02,5.62
Construction and Extraction Occupations,Construction Equipment Operators,3276,4659,3633,3790,5460,22.75,19.09,11.11,9.22,9.22,10.43,10.6,4.69,5.38,3.98
Construction and Extraction Occupations,Construction Laborers,3222,2722,4173,5819,3041,14.51,10.89,11.72,5.52,3.06,7.18,4.96,5.92,3.58,2.69
Construction and Extraction Occupations,Construction and Building Inspectors,4,4,29,33,16,,4.05,14.69,,8.09,,3.4,10,,4.84
Construction and Extraction Occupations,"Derrick, Rotary Drill, and Service Unit Operators, Oil and Gas",289,813,177,152,506,24.09,25.41,44.25,15.23,36.16,10.91,11.57,21.48,8.69,6.02
Construction and Extraction Occupations,"Drywall Installers, Ceiling Tile Installers, and Tapers",931,1468,875,1406,2453,20.23,10.41,8.25,8.79,11.15,11.72,5.27,4.29,5.55,6.42
Construction and Extraction Occupations,Electricians,3376,4642,5056,3446,2195,24.11,20.45,14.91,10.74,8.35,12.26,9.64,7.19,5.71,5.49
Construction and Extraction Occupations,Elevator and Escalator Installers and Repairers,0,0,1,1,1,,,,0.26,,,,,0.26,
Construction and Extraction Occupations,"Explosives Workers, Ordnance Handling Experts, and Blasters",12,6,0,1,1,,,,,,,,,,
Construction and Extraction Occupations,Fence Erectors,432,314,3,5,87,,,,,2.81,,,,,2.38
Construction and Extraction Occupations,First-Line Supervisors of Construction Trades and Extraction Workers,2307,3129,1567,4153,2658,12.08,13.97,13.39,5.91,4.47,7.24,5.79,5.78,3.69,3.73
Construction and Extraction Occupations,Glaziers,0,0,0,55,3,,,,5.48,1.47,,,,3.87,1.01
Construction and Extraction Occupations,Hazardous Materials Removal Workers,0,0,2,0,1,,,,,,,,,,
Construction and Extraction Occupations,"Helpers, Construction Trades",1730,2814,1995,4193,3776,20.35,15.29,10.39,7.39,4.5,11.28,8.24,5.35,4.63,3.39
Construction and Extraction Occupations,Helpers--Extraction Workers,1570,1588,1163,1903,999,4.7,5.65,4.2,4.57,5.2,2.95,3.39,2.78,3.01,3.17
Construction and Extraction Occupations,Highway Maintenance Workers,4,4,6,74,382,,,,3.08,2.91,,,,2.4,2.35
Construction and Extraction Occupations,Insulation Workers,0,39,0,0,0,,4.89,,0,,,2.49,,0,
Construction and Extraction Occupations,Miscellaneous Construction and Related Workers,30,196,390,8,43,30.44,15.06,27.84,8.07,10.7,26.45,13.68,27.81,7.85,7.48
Construction and Extraction Occupations,Miscellaneous Extraction Workers,0,0,0,0,0,,,,,,,,,,
Construction and Extraction Occupations,Painters and Paperhangers,3347,1909,677,525,555,111.57,31.3,6.63,6.65,7.7,40.8,12.56,3.76,4.37,3.57
Construction and Extraction Occupations,"Pipelayers, Plumbers, Pipefitters, and Steamfitters",1413,1351,766,903,1112,18.35,11.17,13.44,7.65,9.19,8.94,5.81,8.82,4.8,7.05
Construction and Extraction Occupations,Rail-Track Laying and Maintenance Equipment Operators,0,73,29,0,0,,36.6,14.32,,,,16.74,6.92,,
Construction and Extraction Occupations,Reinforcing Iron and Rebar Workers,1026,304,360,692,97,53.97,43.4,180.11,36.4,,31.41,29.58,82.21,20.11,
Construction and Extraction Occupations,Roofers,1242,472,0,0,0,45.99,118.04,,,,19.16,45.78,,,
Construction and Extraction Occupations,"Roustabouts, Oil and Gas",16,64,7,1,4,15.84,31.92,,,,14.79,18.61,,,
Construction and Extraction Occupations,Sheet Metal Workers,1125,207,229,493,386,124.97,207.39,25.39,3.47,5.02,54.77,108.81,10.66,2.37,4.37
Construction and Extraction Occupations,Solar Photovoltaic Installers,7,158,234,358,123,,4.93,6.01,6.07,4.26,,3.28,2.84,3.81,3.34
Construction and Extraction Occupations,Structural Iron and Steel Workers,3,0,31,1,0,,,31.45,,,,,13.98,,
Construction and Extraction Occupations,Surface Mining Machine Operators and Earth Drillers,502,234,275,92,43,20.9,23.37,21.18,18.38,6.19,9.38,6.95,10.32,9.19,6.3
Construction and Extraction Occupations,Underground Mining Machine Operators,993,476,326,87,34,19.85,20.68,21.75,14.45,33.73,9.16,9.25,10.53,7.24,15.86
Educational Instruction and Library Occupations,"Adult Basic Education, Adult Secondary Education, and English as a Second Language Instructors",36,0,1,1,2,18.17,,,,,9.09,,,,
Educational Instruction and Library Occupations,"Archivists, Curators, and Museum Technicians",3,2,6,149,10,,,5.74,49.61,,,,4.59,21.02,
Educational Instruction and Library Occupations,"Arts, Communications, History, and Humanities Teachers, Postsecondary",1,217,840,163,959,,15.49,5.25,40.81,43.6,,8.52,3.95,31.34,29.4
Educational Instruction and Library Occupations,"Business Teachers, Postsecondary",2182,4753,4253,2487,2526,17.04,18.14,19.87,19.58,15.99,14.45,12.74,12.78,7.59,5.71
Educational Instruction and Library Occupations,"Education and Library Science Teachers, Postsecondary",0,0,70,36,22,,,23.23,8.95,7.29,,,10.28,2.81,3.25
Educational Instruction and Library Occupations,Elementary and Middle School Teachers,107,1671,198,396,136,21.4,9.66,19.84,12.79,67.95,10.7,4.83,10.01,6.29,32.74
Educational Instruction and Library Occupations,"Engineering and Architecture Teachers, Postsecondary",931,1565,1051,519,436,42.32,60.19,26.95,39.9,54.5,30.09,31.32,17.02,18.11,28.37
Educational Instruction and Library Occupations,Farm and Home Management Educators,3,4,0,0,0,,,,,,,,,,
Educational Instruction and Library Occupations,"Health Teachers, Postsecondary",2013,3825,1661,1294,1630,41.09,73.56,35.35,34.98,52.57,26.25,33.13,19.6,5.81,16.56
Educational Instruction and Library Occupations,Instructional Coordinators,4906,1852,2823,821,1187,23.14,10.71,12.55,15.78,16.04,20.42,8.15,10.45,6.89,7.81
Educational Instruction and Library Occupations,"Law, Criminal Justice, and Social Work Teachers, Postsecondary",0,0,0,1,0,,,,,,,,,,
Educational Instruction and Library Occupations,Librarians and Media Collections Specialists,3,1,2,137,14,0.17,0.14,0.36,68.59,13.63,0.13,0.14,0.19,25.76,3.75
Educational Instruction and Library Occupations,Library Technicians,0,0,0,0,243,,,,,10.54,,,,,2.79
Educational Instruction and Library Occupations,"Life Sciences Teachers, Postsecondary",0,135,0,64,241,,15.03,,9.18,15.06,,7.36,,4.5,7.26
Educational Instruction and Library Occupations,"Math and Computer Science Teachers, Postsecondary",618,1167,1541,1108,485,15.84,11.56,12.32,14.58,15.63,11.45,7.21,7.68,6.7,7.12
Educational Instruction and Library Occupations,Miscellaneous Educational Instruction and Library Workers,0,549,1243,1752,667,,12.76,5.73,14.02,13.08,,6.25,3.7,6.99,6.32
Educational Instruction and Library Occupations,Miscellaneous Postsecondary Teachers,603,680,496,894,1510,27.39,22.68,19.83,33.12,12.9,23.49,18.74,6.64,28.01,8.95
Educational Instruction and Library Occupations,Miscellaneous Teachers and Instructors,0,0,0,0,0,,,,,,,,,,
Educational Instruction and Library Occupations,"Physical Sciences Teachers, Postsecondary",6,0,1,1,0,,,,,,,,,,
Educational Instruction and Library Occupations,Preschool and Kindergarten Teachers,137,112,64,85,13,136.82,,64.26,,,78.8,,56.68,,
Educational Instruction and Library Occupations,Secondary School Teachers,1,115,172,174,741,,6.07,7.18,10.85,12.77,,2.98,3.61,5.35,6.16
Educational Instruction and Library Occupations,Self-Enrichment Teachers,4,28,94,67,63,,,,33.66,3.95,,,,16.42,3.93
Educational Instruction and Library Occupations,"Social Sciences Teachers, Postsecondary",23,763,1251,495,625,,16.58,15.25,15.47,23.15,,10.27,10.99,5.34,9.75
Educational Instruction and Library Occupations,Special Education Teachers,31167,15051,21353,13805,13793,14.79,12.41,16.87,13.51,13.82,7.38,6.13,8.43,6.63,6.67
Educational Instruction and Library Occupations,"Substitute Teachers, Short-Term",0,0,1,0,0,,,,,,,,,,
Educational Instruction and Library Occupations,Teaching Assistants,2933,2398,1577,1634,552,14.03,10.07,10.05,10.09,9.2,7.02,5,5.12,5.22,4.8
Educational Instruction and Library Occupations,Tutors,338,667,1274,95,212,30.7,18.52,24.5,13.64,13.28,22.27,14.3,20.55,6.82,4.26
"Farming, Fishing, and Forestry Occupations",Animal Breeders,0,0,0,0,17,,,,,17.1,,,,,8.55
"Farming, Fishing, and Forestry Occupations","First-Line Supervisors of Farming, Fishing, and Forestry Workers",72,19,10,38,34,36.22,18.53,,19.19,34.05,18.56,18.1,,7.94,11.49
"Farming, Fishing, and Forestry Occupations",Forest and Conservation Workers,15,6,36,27,3,,,,,,,,,,
"Farming, Fishing, and Forestry Occupations","Graders and Sorters, Agricultural Products",0,0,0,3,0,,,,,,,,,,
"Farming, Fishing, and Forestry Occupations",Logging Workers,6,1,9,24,88,,,,11.83,6.76,,,,10.4,6.32
"Farming, Fishing, and Forestry Occupations",Miscellaneous Agricultural Workers,17,134,792,934,792,8.6,33.39,44,17.3,21.42,8.14,28.86,19.56,8.13,8.94
Food Preparation and Serving Related Occupations,Bartenders,4,1,646,857,2846,,,9.1,7.46,15.06,,,4.36,3.09,7.02
Food Preparation and Serving Related Occupations,Cooks,26516,22816,17143,22916,20345,35.64,21.98,38.44,53.29,51.9,20.29,14.06,20.35,34.78,33.99
Food Preparation and Serving Related Occupations,Dining Room and Cafeteria Attendants and Bartender Helpers,801,784,644,1839,1520,8.01,6.88,10.74,15.32,13.57,4.07,3.56,5.21,6.38,8
Food Preparation and Serving Related Occupations,Dishwashers,4293,4939,1676,2051,1769,14.96,10.23,5.72,5.89,5.67,5.4,4.51,1.95,2.03,1.8
Food Preparation and Serving Related Occupations,Fast Food and Counter Workers,108314,107188,89422,77139,70149,55.49,39.98,92.86,127.08,119.1,35.4,24.59,48.02,93.83,81.16
Food Preparation and Serving Related Occupations,Food Preparation Workers,27,249,17,29,24,27.3,,,9.56,24.36,23.01,,,7.55,14.04
Food Preparation and Serving Related Occupations,"Food Servers, Nonrestaurant",14,110,26,7,4,13.56,0.82,26.3,1.84,,13.14,0.8,22.66,1.53,
Food Preparation and Serving Related Occupations,"Hosts and Hostesses, Restaurant, Lounge, and Coffee Shop",1,3,25,12,22,,,5.05,1.99,10.94,,,4.07,1.59,10.34
Food Preparation and Serving Related Occupations,Miscellaneous Food Preparation and Serving Related Workers,4368,4780,3227,3950,1388,39,30.45,27.11,44.39,30.18,19.29,15.7,12.48,27.08,14.93
Food Preparation and Serving Related Occupations,Supervisors of Food Preparation and Serving Workers,32858,19592,26848,25996,26244,84.25,28.27,55.24,38.63,53.02,49.11,22.63,35.48,26.37,35.63
Food Preparation and Serving Related Occupations,Waiters and Waitresses,14489,25747,15681,3557,4060,8.64,8.84,6.5,5.91,7.99,2.01,2.44,2.05,2.06,2.83
Healthcare Practitioners and Technical Occupations,Audiologists,0,0,0,1,155,,,,,,,,,,
Healthcare Practitioners and Technical Occupations,Chiropractors,0,1,1,0,0,,,,,,,,,,
Healthcare Practitioners and Technical Occupations,Clinical Laboratory Technologists and Technicians,63,2217,47491,4096,4649,6.3,221.73,11.34,37.23,125.64,3.44,45.35,1.33,17.65,70.89
Healthcare Practitioners and Technical Occupations,Dentists,0,3,363,25,50,,,90.68,25.21,,,,41.93,21.94,
Healthcare Practitioners and Technical Occupations,Diagnostic Related Technologists and Technicians,9581,5938,12367,213077,61301,28.52,49.48,268.85,14.95,16.46,11.5,15.44,70.35,1.81,5.79
Healthcare Practitioners and Technical Occupations,Dietitians and Nutritionists,13,12916,144,73,767,,8.35,1.44,72.85,127.83,,1.06,1.34,22.27,65.07
Healthcare Practitioners and Technical Occupations,Emergency Medical Technicians and Paramedics,549,1393,2346,2755,3744,274.6,,,918.23,156.02,141.17,,,253.78,79.06
Healthcare Practitioners and Technical Occupations,Health Information Technologists and Medical Registrars,11,333,598,496,821,,,,496.41,410.3,,,,133.42,209.31
Healthcare Practitioners and Technical Occupations,Health Practitioner Support Technologists and Technicians,8851,11363,14472,19602,23857,18.91,33.13,32.59,39.6,38.17,9.56,13.7,13.18,16.47,21.26
Healthcare Practitioners and Technical Occupations,Licensed Practical and Licensed Vocational Nurses,30222,40700,43723,42554,35663,42.45,86.6,57.83,83.77,85.73,17.75,27.3,20.19,31.66,32.32
Healthcare Practitioners and Technical Occupations,Medical Records Specialists,255,541,1646,1862,2790,127.63,541.24,109.72,24.83,38.22,34.38,82.71,30.59,8.96,13.95
Healthcare Practitioners and Technical Occupations,Miscellaneous Health Practitioners and Technical Workers,149,228,347,976,557,74.62,114.18,173.35,88.76,37.15,38.52,37.38,74.94,50.28,20.25
Healthcare Practitioners and Technical Occupations,Miscellaneous Health Technologists and Technicians,1394,1677,3966,6497,5195,15.67,13.63,12.59,28.62,26.92,6.38,5.16,7.62,12.8,14.86
Healthcare Practitioners and Technical Occupations,Miscellaneous Healthcare Diagnosing or Treating Practitioners,8,166,338,832,307,,,,208.12,,,,,59.93,
Healthcare Practitioners and Technical Occupations,Nurse Anesthetists,422,1299,1422,1040,700,70.33,129.92,157.98,346.53,350.14,26.87,37.92,57.84,99.26,148.99
Healthcare Practitioners and Technical Occupations,Nurse Midwives,299,783,2636,1898,1578,12.47,30.12,659.07,1897.64,788.91,3.13,2.46,56.26,178.45,298.4
Healthcare Practitioners and Technical Occupations,Nurse Practitioners,147,823,1579,1874,1902,8.64,205.78,526.49,624.72,317.06,5.12,45.99,85.44,130.52,132.32
Healthcare Practitioners and Technical Occupations,"Opticians, Dispensing",155,77,134,469,316,4.57,3.85,4.32,4.01,4.33,2.91,2.85,2.79,2.44,2.47
Healthcare Practitioners and Technical Occupations,Optometrists,0,0,133,473,287,,,22.22,42.99,20.47,,,12.19,27.06,10.26
Healthcare Practitioners and Technical Occupations,"Pediatricians, General",651,531,611,13146,13454,50.09,33.21,46.97,285.77,407.68,16.44,11.27,18.7,110.19,191.24
Healthcare Practitioners and Technical Occupations,Pharmacists,593,1159,1799,1631,3631,,,,326.11,605.08,,,,92.62,264.03
Healthcare Practitioners and Technical Occupations,Physician Assistants,1225,3160,3530,4168,3407,87.52,90.29,147.07,245.16,170.34,44,34.02,40.27,65.99,81.64
Healthcare Practitioners and Technical Occupations,Physicians,410,1145,1472,5335,147387,22.76,190.79,210.29,7.06,15.19,11.71,67.48,61.48,1.36,1.06
Healthcare Practitioners and Technical Occupations,Registered Nurses,83516,118029,156879,197517,213371,54.66,167.42,223.79,89.25,82.57,21.88,40.63,60.07,25.39,38.17
Healthcare Practitioners and Technical Occupations,Surgeons,3,157,512,448,528,,157.33,,,131.9,,42.86,,,59.94
Healthcare Practitioners and Technical Occupations,Therapists,5267,21175,23383,12125,13167,83.6,15.23,179.87,288.69,223.16,53.58,2.88,71.6,110.32,101.19
Healthcare Practitioners and Technical Occupations,Veterinarians,908,1363,156,10461,5764,181.53,54.51,39.06,183.53,67.02,71.55,21.79,21.17,72.16,35.76
Healthcare Support Occupations,Home Health and Personal Care Aides,11602,15368,8608,9403,14023,14.54,20.38,15.82,11.27,11.05,6.04,8.47,6.44,3.99,4.29
Healthcare Support Occupations,Massage Therapists,1,1,44,1,1,,,22.19,,,,,7.39,,
Healthcare Support Occupations,Miscellaneous Healthcare Support Occupations,94382,10649,13208,21683,18487,14.99,95.08,180.93,108.96,118.51,0.37,29.19,53.53,35.55,57.23
Healthcare Support Occupations,"Nursing Assistants, Orderlies, and Psychiatric Aides",9341,13572,15454,12364,11899,20.04,25.37,26.88,24.39,30.51,6.56,8.21,8.48,7.49,13.57
Healthcare Support Occupations,Occupational Therapy Assistants and Aides,3212,6688,5691,5335,6511,52.65,76,58.08,73.08,114.23,25.9,23.25,18.39,25.52,61.37
Healthcare Support Occupations,Physical Therapist Assistants and Aides,4272,3361,7805,10475,8689,73.65,258.57,86.73,113.85,95.48,33.79,52.53,26.6,40.18,47.81
"Installation, Maintenance, and Repair Occupations",Aircraft Mechanics and Service Technicians,198,94,112,166,15,49.38,23.57,111.68,83.17,14.69,26.8,10.06,57.26,43.12,8.46
"Installation, Maintenance, and Repair Occupations",Automotive Technicians and Repairers,3402,260,576,3266,4537,69.43,12.38,27.44,163.32,2268.31,24.09,7.38,16.24,38.98,471.36
"Installation, Maintenance, and Repair Occupations",Bus and Truck Mechanics and Diesel Engine Specialists,3533,2596,3618,3489,2512,20.3,17.78,16.45,21.54,21.29,14.46,12.16,8.01,17.5,14.63
"Installation, Maintenance, and Repair Occupations","Computer, Automated Teller, and Office Machine Repairers",144,34,19,19,56,20.56,17.11,,18.98,27.99,10.01,17.11,,17.85,25.65
"Installation, Maintenance, and Repair Occupations",Control and Valve Installers and Repairers,1923,642,125,298,228,,,124.72,4.72,7.35,,,48.21,2.83,5.53
"Installation, Maintenance, and Repair Occupations","First-Line Supervisors of Mechanics, Installers, and Repairers",5014,7599,4856,4966,4749,22.79,13.92,11.14,10.96,19.15,10.21,6.03,6.49,6.43,8.06
"Installation, Maintenance, and Repair Occupations","Heating, Air Conditioning, and Refrigeration Mechanics and Installers",2478,1302,233,1634,1353,14.08,6.2,25.85,4.86,7.12,5.18,3.43,12.89,2.96,5.62
"Installation, Maintenance, and Repair Occupations",Heavy Vehicle and Mobile Equipment Service Technicians and Mechanics,554,1269,659,151,456,19.09,12.32,13.45,18.93,10.61,13.17,4.36,7.92,8.98,7.68
"Installation, Maintenance, and Repair Occupations","Industrial Machinery Installation, Repair, and Maintenance Workers",2984,4285,3079,2146,3509,28.69,15.58,21.09,32.04,20.28,15.12,7.84,10.76,17.04,10.23
"Installation, Maintenance, and Repair Occupations",Line Installers and Repairers,10,2316,5,1,4,,,,,,,,,,
"Installation, Maintenance, and Repair Occupations","Maintenance and Repair Workers, General",28285,48673,10437,20700,29127,26.99,31.32,4.03,21.68,30.44,7.26,5.21,1.96,8.58,9.63
"Installation, Maintenance, and Repair Occupations","Miscellaneous Electrical and Electronic Equipment Mechanics, Installers, and Repairers",1292,1095,1462,1606,1747,41.69,9.12,13.41,7.58,8.2,15.19,6.37,8.66,4.64,4.04
"Installation, Maintenance, and Repair Occupations","Miscellaneous Installation, Maintenance, and Repair Workers",1556,1476,1175,868,794,62.25,13.06,51.07,26.29,37.81,30.5,6.56,25.83,13.49,21.4
"Installation, Maintenance, and Repair Occupations","Miscellaneous Vehicle and Mobile Equipment Mechanics, Installers, and Repairers",284,584,308,312,346,11.34,29.2,30.8,20.79,14.42,10.25,19.79,26.24,18.03,11.5
"Installation, Maintenance, and Repair Occupations",Precision Instrument and Equipment Repairers,410,485,390,460,411,34.19,5.77,55.69,46.03,51.42,18.11,3.45,22.31,23.78,20.73
"Installation, Maintenance, and Repair Occupations",Radio and Telecommunications Equipment Installers and Repairers,45790,57128,6962,19,275,635.97,340.05,70.33,3.71,6.87,56.13,23.29,12.55,2.87,4.55
"Installation, Maintenance, and Repair Occupations",Small Engine Mechanics,242,115,0,0,0,242.3,57.73,,,,90.43,36.74,,,
"Installation, Maintenance, and Repair Occupations",Wind Turbine Service Technicians,643,609,327,508,593,27.97,28.98,40.88,46.22,98.89,16.03,15.21,19.88,28.75,67.46
Legal Occupations,"Judges, Magistrates, and Other Judicial Workers",198,11,27,19,84,32.99,,,,42.18,8.09,,,,27.59
Legal Occupations,Lawyers and Judicial Law Clerks,747,1126,458,553,1447,28.73,56.31,21.81,138.3,111.34,11.74,15.04,14.8,57.15,29.28
Legal Occupations,Miscellaneous Legal Support Workers,98,44,14,25,42,24.59,,14.02,,,21.8,,12.01,,
Legal Occupations,Paralegals and Legal Assistants,30914,445,1123,296,69,11.6,2.39,4.19,11.4,11.56,0.05,1.14,3.86,6.39,6.47
"Life, Physical, and Social Science Occupations",Agricultural and Food Science Technicians,3,8,8,9,178,2.77,0.7,,,88.9,2.28,0.61,,,35.56
"Life, Physical, and Social Science Occupations",Agricultural and Food Scientists,4,3,1,0,31,3.76,,,,7.83,3.38,,,,4.02
"Life, Physical, and Social Science Occupations",Astronomers and Physicists,47,0,0,0,0,46.71,,,,,46.71,,,,
"Life, Physical, and Social Science Occupations",Atmospheric and Space Scientists,0,0,0,0,0,,,,,,,,,,
"Life, Physical, and Social Science Occupations",Biological Scientists,350,255,182,73,65,20.58,19.61,15.18,12.21,16.16,8.37,7.48,6.22,6.61,5.72
"Life, Physical, and Social Science Occupations",Biological Technicians,836,1560,1190,2442,1550,4.98,5.51,7.39,2.98,1.9,2.63,3.38,3.31,1.73,1.73
"Life, Physical, and Social Science Occupations",Chemical Technicians,38,12,55,59,182,18.9,6.23,1.44,2.2,7.29,10.28,3.5,0.87,0.82,4.4
"Life, Physical, and Social Science Occupations",Chemists and Materials Scientists,337,1568,3760,464,236,17.73,9.74,5.36,10.55,47.15,10.54,1.63,1.15,1.63,24.38
"Life, Physical, and Social Science Occupations",Conservation Scientists and Foresters,1,606,54,1,0,,22.44,27,,,,2.73,15.57,,
"Life, Physical, and Social Science Occupations",Economists,12,0,11,0,1,,,,,,,,,,
"Life, Physical, and Social Science Occupations",Environmental Science and Geoscience Technicians,15,130,13,41,22,15.03,129.89,,41.26,22.22,5.08,45.2,,27.43,10.62
"Life, Physical, and Social Science Occupations",Environmental Scientists and Geoscientists,578,326,892,234,602,48.15,10.53,11.15,17.99,14.33,19.8,6.43,7.49,9.39,7.16
"Life, Physical, and Social Science Occupations",Forest and Conservation Technicians,0,0,52,221,2,,,17.2,27.6,,,,9,9.76,
"Life, Physical, and Social Science Occupations",Medical Scientists,1693,4102,8463,11847,10640,1.89,1.75,2.59,2.26,2.2,1.68,1.46,1.94,1.93,1.99
"Life, Physical, and Social Science Occupations","Miscellaneous Life, Physical, and Social Science Technicians",284,1253,1060,565,861,1.4,7.12,19.27,19.5,34.43,0.75,2.94,8.58,8.17,17.07
"Life, Physical, and Social Science Occupations",Miscellaneous Social Scientists and Related Workers,16,22,17,15,12,16.33,,2.83,5.16,1.48,11.01,,2.19,3.54,0.95
"Life, Physical, and Social Science Occupations",Nuclear Technicians,2,2,1,0,0,,,,,,,,,,
"Life, Physical, and Social Science Occupations",Occupational Health and Safety Specialists and Technicians,1120,829,3590,1036,1864,10.87,12.37,42.23,11.14,23.29,8.83,6.03,16.01,5.44,5.95
"Life, Physical, and Social Science Occupations",Psychologists,401,1316,1530,693,599,57.29,16.25,25.93,13.59,22.17,31.81,8.57,13.03,6.76,10.66
"Life, Physical, and Social Science Occupations",Social Science Research Assistants,0,899,3603,13644,3445,,1.2,1.94,3.99,3.78,,1.03,1.38,0.75,0.5
"Life, Physical, and Social Science Occupations",Sociologists,2,2246,6773,0,0,,26.42,19.75,0,,,0.93,1.01,1,
"Life, Physical, and Social Science Occupations",Survey Researchers,115929,97681,55657,6907,2777,7.16,7,4.87,1.72,2.07,0.71,0.78,0.9,0.66,1.08
"Life, Physical, and Social Science Occupations",Urban and Regional Planners,50,63,66,38,38,,,,,,,,,,
Management Occupations,Administrative Services and Facilities Managers,619,3111,3325,1769,2590,13.18,9.94,31.66,25.27,10.93,5.85,3.89,14.72,12.6,4.31
Management Occupations,Advertising and Promotions Managers,6919,2298,3011,2506,7030,36.42,7.14,8.78,11.99,24.24,20.9,4.75,5.7,4.81,7.42
Management Occupations,Architectural and Engineering Managers,1409,2341,3459,1878,1604,11.09,16.04,21.09,12.69,16.04,4.72,6.1,10.72,6.78,10.03
Management Occupations,Chief Executives,64,316,327,509,362,15.89,22.55,1.9,2.49,10.04,12.22,11.15,1.4,1.45,5.94
Management Occupations,Compensation and Benefits Managers,1246,950,196,419,1449,22.25,21.6,12.26,10.49,131.73,10.83,9.37,7.56,5.23,19.35
Management Occupations,Computer and Information Systems Managers,942,536,1478,161,275,19.62,25.54,16.99,32.2,14.47,15.33,7.5,2.89,18.83,8.73
Management Occupations,Construction Managers,4860,2507,4226,8474,7303,14.3,9.36,12.36,7.71,5.64,7.82,5.73,6.11,4.14,3.05
Management Occupations,Education and Childcare Administrators,3800,7623,10185,2227,1919,16.67,16.68,22.29,12.1,13.32,13.59,12.91,16.13,6.1,5.77
Management Occupations,Emergency Management Directors,18,0,754,157,3,18.2,,188.58,22.49,,6.28,,40.86,10.59,
Management Occupations,Entertainment and Recreation Managers,136,36,167,357,165,136.42,18.19,23.83,13.23,11.78,69,9.67,11.69,9.05,4.05
Management Occupations,"Farmers, Ranchers, and Other Agricultural Managers",641,441,70,94,98,35.6,33.89,35.08,,98.41,14.89,14.89,20.43,,48.21
Management Occupations,Financial Managers,9602,11310,17762,5668,10518,30.19,19.04,31.22,18.64,22.72,24.2,14.13,24.48,11.39,15.02
Management Occupations,Food Service Managers,1048,456,863,1901,1238,1.04,3.3,3.96,7.64,8.84,0.52,1.95,2.32,4.75,3.65
Management Occupations,General and Operations Managers,10715,2081,3732,2484,2838,25.95,7.97,20.28,12.36,11.87,9.35,2.73,9.1,6.2,6.61
Management Occupations,Human Resources Managers,5415,2216,7103,2024,5351,35.16,8.94,28.99,6.91,12.56,31.69,5.92,11.62,3.63,6.43
Management Occupations,Industrial Production Managers,4148,5019,4705,3244,2955,19.29,7.69,10.82,10.53,11.37,12.5,3.55,6.27,5.39,6.38
Management Occupations,Legislators,49,111,100,27,46,24.39,,,,,20.11,,,,
Management Occupations,Lodging Managers,304,1222,364,86,52,8.22,11.42,10.11,10.72,10.44,6.04,7.61,6.91,8.07,6.35
Management Occupations,Marketing and Sales Managers,36995,27530,52218,22901,22276,25.62,8.17,23.89,8.01,9.85,11.62,4.37,11.77,3.73,4.72
Management Occupations,Medical and Health Services Managers,1508,1664,3344,8488,10190,22.5,14.73,92.89,41.41,44.11,10.07,4.96,34.76,20.88,23.53
Management Occupations,Miscellaneous Managers,2938,5687,1941,451,734,8.59,18.89,7.79,4.79,8.84,7.81,8.81,4.47,1.95,3.1
Management Occupations,Natural Sciences Managers,610,320,536,83,2020,17.93,6.95,24.38,3.2,26.24,12.78,6.03,11.84,2.9,14.15
Management Occupations,Personal Service Managers,236,422,583,208,246,13.91,4.91,11.9,9.89,10.72,9.39,3.33,9.99,4.8,6.15
Management Occupations,"Property, Real Estate, and Community Association Managers",912,715,304,274,182,15.73,24.65,8.43,22.84,30.28,8.48,13.72,6.95,15.48,22.56
Management Occupations,Public Relations and Fundraising Managers,293,323,233,1760,4096,1.57,2.46,3.48,27.5,16.45,0.61,1.34,1.99,10.46,7.13
Management Occupations,Purchasing Managers,7462,1843,818,1254,1933,42.88,23.93,12.79,21.62,37.91,32.05,7.79,8.76,5.49,17.08
Management Occupations,Social and Community Service Managers,453,857,661,82,1158,11.32,13.6,12.96,,24.13,5.33,5.27,5.01,,10.18
Management Occupations,Training and Development Managers,72,759,1524,571,553,71.58,12.05,6.02,11.66,6.35,49.28,5.41,4.18,4.85,3.85
Management Occupations,"Transportation, Storage, and Distribution Managers",1242,3987,7062,5273,4341,9.78,9.89,9.91,12.01,7.2,5.5,4.62,5.41,4.68,4.34
Military Specific Occupations,First-Line Enlisted Military Supervisors,0,0,0,6,16,,,,5.78,,,,,4.76,
Military Specific Occupations,Military Enlisted Tactical Operations and Air/Weapons Specialists and Crew Members,5328,1,1,47,149,8.71,,,,,7.37,,,,
Military Specific Occupations,Military Officer Special and Tactical Operations Leaders,21,22,63,26,51,20.71,,31.32,25.65,,20.71,,14.69,24.45,
Office and Administrative Support Occupations,Bill and Account Collectors,1518,1298,1138,787,974,15.18,4.69,8.62,4.21,5.15,10.74,3.52,6.37,2.58,3.77
Office and Administrative Support Occupations,Billing and Posting Clerks,611,276,322,124,104,20.35,1.52,20.11,6.9,5.21,10.77,1.02,10.7,3.74,2.54
Office and Administrative Support Occupations,"Bookkeeping, Accounting, and Auditing Clerks",2626,3290,18710,3271,6032,14.27,5.66,21.93,11.94,13.9,7.71,2.36,12.85,6.55,8.47
Office and Administrative Support Occupations,Brokerage Clerks,27,3,66,432,153,13.39,,66.42,216.02,38.13,12.39,,22.26,160.14,28.15
Office and Administrative Support Occupations,Cargo and Freight Agents,170,109,564,33,96,24.26,36.21,43.39,32.93,8.69,17.42,26.56,20.07,20.17,4.35
Office and Administrative Support Occupations,Correspondence Clerks,208,99,16,1,10,,,,,,,,,,
Office and Administrative Support Occupations,Couriers and Messengers,29642,27962,25493,16126,14546,18.96,22.96,15.88,10.41,9.7,14.48,12.14,8.67,5.78,5.06
Office and Administrative Support Occupations,"Court, Municipal, and License Clerks",2,26,7,1,1,,,7.26,,,,,5.81,,
Office and Administrative Support Occupations,"Credit Authorizers, Checkers, and Clerks",3,0,0,0,0,,,,,,,,,,
Office and Administrative Support Occupations,Customer Service Representatives,18121,18067,19072,15662,8062,11.93,9.7,10.84,13.65,13.35,8.3,7.07,7.68,7.87,8.06
Office and Administrative Support Occupations,Data Entry and Information Processing Workers,601,0,3901,7,20,21.47,0,2.67,0.27,20.35,13.09,0,2.6,0.27,8.66
Office and Administrative Support Occupations,Dispatchers,2452,1244,1433,1605,1096,18.16,11.63,2.78,6.08,2.47,8.84,5.02,1.57,1.87,1.82
Office and Administrative Support Occupations,"Eligibility Interviewers, Government Programs",16563,11676,12845,19851,14731,150.58,132.69,169.01,168.23,151.87,103.66,99.15,105.61,104.73,103.37
Office and Administrative Support Occupations,File Clerks,393,585,212,430,118,23.12,38.99,70.65,85.93,118.09,12.74,28.35,38.36,46.23,70.79
Office and Administrative Support Occupations,First-Line Supervisors of Office and Administrative Support Workers,8637,9588,5942,6799,6303,13.95,14.14,27.63,25,20.53,7.47,5.74,13.65,12.08,11.39
Office and Administrative Support Occupations,Gambling Cage Workers,0,0,0,6,0,,,,5.98,,,,,2.2,
Office and Administrative Support Occupations,"Hotel, Motel, and Resort Desk Clerks",62,39,295,33,250,2.95,2.6,10.55,10.92,6.75,2.55,2.39,3.94,10.36,2.01
Office and Administrative Support Occupations,"Human Resources Assistants, Except Payroll and Timekeeping",1687,843,1197,649,785,28.59,35.11,49.89,19.67,19.14,9.35,15.86,21.51,11.58,10.61
Office and Administrative Support Occupations,Insurance Claims and Policy Processing Clerks,135,380,391,592,323,11.28,16.52,55.81,19.1,80.73,5.76,6.18,31.56,9.58,41.01
Office and Administrative Support Occupations,"Interviewers, Except Eligibility and Loan",177263,150559,149256,107260,89836,4.68,6.48,6.67,5.68,5.68,1.4,1.43,1.36,1.29,1.46
Office and Administrative Support Occupations,"Library Assistants, Clerical",0,0,0,0,0,,,,,,,,,,
Office and Administrative Support Occupations,Loan Interviewers and Clerks,130,154,360,4,149,9.99,21.95,71.99,,149.4,5.87,10,41.18,,76.23
Office and Administrative Support Occupations,"Mail Clerks and Mail Machine Operators, Except Postal Service",24,3,5,4,1,12.01,,,,,9.53,,,,
Office and Administrative Support Occupations,"Meter Readers, Utilities",0,42,14,0,35,,8.36,7.08,,17.48,,1,1,,1
Office and Administrative Support Occupations,Miscellaneous Communications Equipment Operators,2,1,0,0,1,,,,,,,,,,
Office and Administrative Support Occupations,Miscellaneous Financial Clerks,1,205,2,6,2,,22.73,,,2.24,,8.18,,,1.59
Office and Administrative Support Occupations,Miscellaneous Office and Administrative Support Workers,356,66,34,225,20,89.03,,11.35,224.77,19.88,43.74,,8.15,109.23,11.56
Office and Administrative Support Occupations,New Accounts Clerks,1978,3388,989,4477,2348,27.47,21.04,19.02,47.63,41.19,14.44,7.53,5.65,32.85,28.07
Office and Administrative Support Occupations,"Office Clerks, General",1294,889,2879,1280,430,23.96,6.69,3.67,16.84,20.46,15.25,3.39,3.2,9.15,11.86
Office and Administrative Support Occupations,"Office Machine Operators, Except Computer",4,1,0,0,0,,,,,,,,,,
Office and Administrative Support Occupations,Order Clerks,1567,1199,544,82,726,13.87,18.74,9.06,5.89,45.38,10.97,14.35,4.7,3.5,23.02
Office and Administrative Support Occupations,Payroll and Timekeeping Clerks,7272,3844,1749,1196,2257,22.94,33.72,5.55,27.8,34.2,9.75,17.44,3.09,15.66,20.93
Office and Administrative Support Occupations,Postal Service Workers,15,153,561,69,164,,25.55,140.3,69.36,1.8,,23.1,104.05,49.14,1.24
Office and Administrative Support Occupations,Procurement Clerks,701,809,1287,1380,2940,70.1,25.29,19.21,23.4,23.15,29.68,12.46,11.72,7.76,3.72
Office and Administrative Support Occupations,"Production, Planning, and Expediting Clerks",475,380,739,1035,615,19.81,6.44,14.77,17.26,18.08,5.85,4.95,7.88,8.86,8.57
Office and Administrative Support Occupations,Proofreaders and Copy Markers,0,0,0,0,0,,,,,,,,,,
Office and Administrative Support Occupations,Receptionists and Information Clerks,1924,1049,2187,4008,2175,5.54,2.4,3.47,8.49,5.71,2.29,1.26,1.92,3.75,2.27
Office and Administrative Support Occupations,Reservation and Transportation Ticket Agents and Travel Clerks,0,0,0,2,0,,,,,,,,,,
Office and Administrative Support Occupations,Secretaries and Administrative Assistants,7493,12576,18522,11102,13670,13.77,10.51,5.62,12.01,15.22,6.7,4.97,4.09,6.15,7.25
Office and Administrative Support Occupations,"Shipping, Receiving, and Inventory Clerks",8419,1101,1939,1249,507,57.66,2.6,6.34,20.82,14.92,29.88,1.76,3.09,10.61,5.75
Office and Administrative Support Occupations,"Switchboard Operators, Including Answering Service",10,105,528,90,4,5.15,105.1,,,3.95,4.93,46.81,,,2.72
Office and Administrative Support Occupations,Telephone Operators,1,0,0,0,0,,,,,,,,,,
Office and Administrative Support Occupations,Tellers,3813,3222,852,134,286,34.04,27.54,35.49,44.77,28.63,26.69,19.65,30.92,31.99,18.33
Office and Administrative Support Occupations,"Weighers, Measurers, Checkers, and Samplers, Recordkeeping",368,151,32,70,6,24.56,2.96,16.24,23.31,6.03,12.2,1.78,7.85,7.37,3.43
Personal Care and Service Occupations,Animal Caretakers,0,17,5,4,10,,,,,,,,,,
Personal Care and Service Occupations,Animal Trainers,62,154,66,72,85,6.88,5.7,13.16,14.4,5.67,3.44,2.85,3.4,4.19,2.52
Personal Care and Service Occupations,"Baggage Porters, Bellhops, and Concierges",599,508,557,437,157,11.31,9.97,11.85,9.49,13.05,3.68,3.53,4.18,3.11,3.71
Personal Care and Service Occupations,"Barbers, Hairdressers, Hairstylists and Cosmetologists",237,2597,1135,392,18,21.56,68.34,81.1,195.81,18.09,18.33,56.01,69.13,195.69,10.21
Personal Care and Service Occupations,Childcare Workers,1474,996,1683,1399,1621,19.15,13.28,20.28,15.89,23.15,9.56,6.33,9.08,6.52,10.23
Personal Care and Service Occupations,Embalmers and Crematory Operators,34,0,0,1,2,,,,,,,,,,
Personal Care and Service Occupations,First-Line Supervisors of Entertainment and Recreation Workers,5,0,77,172,73,4.83,,25.73,57.29,18.18,4.67,,13.75,52.74,8.31
Personal Care and Service Occupations,First-Line Supervisors of Personal Service Workers,28,5,6,2,14,,,,,,,,,,
Personal Care and Service Occupations,Funeral Attendants,1,0,0,0,0,,,,,,,,,,
Personal Care and Service Occupations,Gambling Services Workers,130654,129196,128897,130928,118364,51.34,50.61,52.76,45.56,46.49,34.05,32.22,33.12,31.01,31.41
Personal Care and Service Occupations,Miscellaneous Entertainment Attendants and Related Workers,399,1672,184,10,34,19.93,22,10.82,4.81,1.97,16.96,3.88,5.21,3.52,1.33
Personal Care and Service Occupations,Miscellaneous Personal Appearance Workers,47,308,59,39,3,7.89,43.99,19.82,19.33,,2.66,30.61,14.87,8.1,
Personal Care and Service Occupations,Miscellaneous Personal Care and Service Workers,2952,2304,1429,3912,1782,86.83,57.59,84.04,170.1,59.39,43.17,28.11,43.07,100.88,31.53
Personal Care and Service Occupations,"Morticians, Undertakers, and Funeral Arrangers",0,0,0,3,0,,,,,,,,,,
Personal Care and Service Occupations,Recreation and Fitness Workers,889,1664,1815,1357,1218,7,11.64,10.87,8.81,10.68,2.23,4.1,3.84,3.37,4
Personal Care and Service Occupations,Residential Advisors,26,129,31,65,172,,,,21.51,85.95,,,,15.81,64.74
Personal Care and Service Occupations,Tour and Travel Guides,4,5,6,3,0,,,,,,,,,,
Personal Care and Service Occupations,"Ushers, Lobby Attendants, and Ticket Takers",3203,6481,0,7,13,8.03,8.09,0,,,1.95,1.87,0,,
Production Occupations,"Aircraft Structure, Surfaces, Rigging, and Systems Assemblers",6,56,216,20,40,2.77,4.27,72,20,20.17,2.68,1.33,40.67,14,4.33
Production Occupations,Bakers,1,6,6,0,54,,3.1,6.2,,3.2,,2.48,5.16,,2.38
Production Occupations,"Butchers and Other Meat, Poultry, and Fish Processing Workers",14,3,8,5,83,3.4,1.15,3.97,,2.43,2.1,0.73,1.9,,1.73
Production Occupations,Cabinetmakers and Bench Carpenters,0,0,0,0,0,,,,,,,,,,
Production Occupations,"Chemical Processing Machine Setters, Operators, and Tenders",87,27,1,2,2,86.74,,,,2.4,44.66,,,,1.7
Production Occupations,Computer Numerically Controlled Tool Operators and Programmers,1243,1274,1307,981,1473,21.81,18.2,6.85,16.62,17.97,11.55,10.82,4.18,8.74,9.27
Production Occupations,"Crushing, Grinding, Polishing, Mixing, and Blending Workers",1112,483,291,242,264,74.14,48.31,58.12,121.17,32.95,35.13,32.67,26.07,64.18,17.82
Production Occupations,Cutting Workers,10,2,108,28,22,3.37,,6.34,13.99,,2.05,,3.66,8.37,
Production Occupations,Dental and Ophthalmic Laboratory Technicians and Medical Appliance Technicians,117,3,50,53,352,4.49,,,,,3,,,,
Production Occupations,"Electrical, Electronics, and Electromechanical Assemblers",1091,1363,572,472,1639,21.39,4.44,6.09,9.45,13.77,8.89,1.97,3.04,5.27,4.64
Production Occupations,Engine and Other Machine Assemblers,4,4,105,53,0,,,2.77,10.51,,,,2.72,5.48,
Production Occupations,"Extruding, Forming, Pressing, and Compacting Machine Setters, Operators, and Tenders",1,1,51,71,3,,,10.23,70.99,,,,5.54,33.19,
Production Occupations,Fiberglass Laminators and Fabricators,2,1,0,0,0,,,,,,,,,,
Production Occupations,First-Line Supervisors of Production and Operating Workers,6521,8368,6836,5722,7149,14.21,7.39,5.46,11.42,11.89,9.76,3.51,3.06,5.44,6.33
Production Occupations,"Forming Machine Setters, Operators, and Tenders, Metal and Plastic",163,118,0,2,9,40.64,2.62,,,,21.12,2.61,,,
Production Occupations,"Furnace, Kiln, Oven, Drier, and Kettle Operators and Tenders",2,0,0,0,0,,,,,,,,,,
Production Occupations,Furniture Finishers,0,0,0,0,0,0,0,0,0,0,0,0,0,0,0
Production Occupations,"Inspectors, Testers, Sorters, Samplers, and Weighers",107,160,304,130,241,11.86,5.53,9.21,4.48,26.83,8.71,4.16,5.76,2.51,10.65
Production Occupations,Laundry and Dry-Cleaning Workers,28,571,428,108,241,4.7,15.85,3.37,26.98,26.76,3.79,8.91,1.11,23.95,16.54
Production Occupations,"Machine Tool Cutting Setters, Operators, and Tenders, Metal and Plastic",221,186,62,68,103,18.42,11.61,12.3,4.22,9.41,11.35,8.37,9.52,2.34,4.94
Production Occupations,Machinists,1531,950,690,605,1694,35.6,6.89,6.05,16.36,26.05,10.21,3.81,4.44,6.67,6.21
Production Occupations,"Metal Furnace Operators, Tenders, Pourers, and Casters",1,0,27,36,2,,,,,,,,,,
Production Occupations,Miscellaneous Assemblers and Fabricators,2410,2177,5010,7208,4044,10.09,7.02,5.61,7.93,15.03,8.02,5.53,3.76,5.23,10.97
Production Occupations,Miscellaneous Food Processing Workers,147,190,5084,566,31,8.65,1.43,6.21,14.88,3.45,7.07,1.21,3.16,7.9,2.69
Production Occupations,Miscellaneous Metal Workers and Plastic Workers,0,3,1,2,29,,,,,1.04,,,,,1.03
Production Occupations,Miscellaneous Plant and System Operators,13,13,4,327,62,,,2.08,109.07,10.29,,,2.07,72.24,6.59
Production Occupations,Miscellaneous Production Workers,73068,54728,60621,68273,60022,97.04,34.25,49.93,72.55,33.49,65.9,26.61,31.81,51.22,23.46
Production Occupations,"Miscellaneous Textile, Apparel, and Furnishings Workers",93,75,12,221,8,23.27,25.08,11.92,27.64,1.66,7.79,9.38,11.1,16.56,1.52
Production Occupations,"Model Makers and Patternmakers, Metal and Plastic",1,2,0,0,0,,0.73,,,,,0.58,,,
Production Occupations,"Model Makers and Patternmakers, Wood",115,0,117,1,4,114.7,,,,,61.52,,,,
Production Occupations,"Molders and Molding Machine Setters, Operators, and Tenders, Metal and Plastic",120,284,314,11,11,2.21,1.22,2,0.59,2.16,1.51,1.21,2,0.57,1.33
Production Occupations,"Multiple Machine Tool Setters, Operators, and Tenders, Metal and Plastic",0,0,175,0,1,,,1.01,0,0.41,,,1.01,0,0.28
Production Occupations,Packaging and Filling Machine Operators and Tenders,1046,1395,629,241,626,13.58,3.37,2.02,6.33,20.88,6.68,1.94,1.41,5.18,14.61
Production Occupations,Painting Workers,336,114,178,39,100,0.34,0.1,3.17,7.82,24.99,0.2,0.06,2.29,5.71,12.9
Production Occupations,Photographic Process Workers and Processing Machine Operators,0,0,0,0,0,,,,,,,,,,
Production Occupations,"Power Plant Operators, Distributors, and Dispatchers",1293,558,978,415,36,38.03,18.6,25.07,15.95,35.63,16.11,8.26,7.42,8.69,31.22
Production Occupations,Printing Workers,23,162,3584,11,5,1.33,1.02,8.47,0.76,,0.83,1.02,8.45,0.52,
Production Occupations,Semiconductor Processing Technicians,74,0,0,1,0,74.02,,,,,28.03,,,,
Production Occupations,Sewing Machine Operators,0,0,0,0,0,,0,,,,,0,,,
Production Occupations,Shoe and Leather Workers,1,0,0,0,2,,,,,,,,,,
Production Occupations,Stationary Engineers and Boiler Operators,0,44,111,0,0,0,1.75,3.16,0,0,0,1.75,3.16,0,0
Production Occupations,Structural Metal Fabricators and Fitters,34,132,3,3,1,11.31,8.8,,2.54,,6.82,5.05,,2.48,
Production Occupations,"Tailors, Dressmakers, and Sewers",0,0,1,1,0,,,,,,,,,,
Production Occupations,"Textile Machine Setters, Operators, and Tenders",10,3,6,7,10,9.86,,5.51,,,9.22,,5.38,,
Production Occupations,Tool and Die Makers,8,1,1,1,1,8.43,,,,,7.62,,,,
Production Occupations,Water and Wastewater Treatment Plant and System Operators,36,197,98,311,220,17.76,28.13,24.51,14.16,54.97,9.13,12.49,11.99,7.45,22.31
Production Occupations,"Welding, Soldering, and Brazing Workers",1148,736,1275,1118,905,12.48,4.02,3.45,15.1,9.73,7.34,2.46,2.44,8.69,5.81
Production Occupations,"Woodworking Machine Setters, Operators, and Tenders",90,54,395,245,12,,,98.83,22.24,6.24,,,12.42,10.23,5.73
Protective Service Occupations,Animal Control Workers,419,325,70,0,0,104.69,81.14,,,,43.2,42.46,,,
Protective Service Occupations,Detectives and Criminal Investigators,1,6,1,14,6,,,,,,,,,,
Protective Service Occupations,Fire Inspectors,1,2,1,1,2,,,,,,,,,,
Protective Service Occupations,Firefighters,1,0,0,0,0,,,,,,,,,,
Protective Service Occupations,First-Line Supervisors of Firefighting and Prevention Workers,1,5,6,2,16,,5.12,,,,,5.12,,,
Protective Service Occupations,First-Line Supervisors of Law Enforcement Workers,458,1,1,23,19,,,,,,,,,,
Protective Service Occupations,Fish and Game Wardens,1,0,0,0,0,,,,,,,,,,
Protective Service Occupations,"Miscellaneous First-Line Supervisors, Protective Service Workers",603,891,479,5,12,16.31,15.37,4.39,0.25,12.43,11.78,11.27,1.8,0.17,6.79
Protective Service Occupations,Miscellaneous Protective Service Workers,9,42,138,101,528,0.78,1.37,7.66,7.24,12.57,0.73,0.82,3.98,3.95,8.26
Protective Service Occupations,Parking Enforcement Workers,0,4,1,0,0,,,,,,,,,,
Protective Service Occupations,Police Officers,261,5,3,6,1,21.76,,,,,5.15,,,,
Protective Service Occupations,Private Detectives and Investigators,2,0,1,0,0,,,,0,0.25,,,,0,0.23
Protective Service Occupations,Security Guards and Gambling Surveillance Officers,6694,19072,16415,14291,7382,11.25,12.65,18.28,27.07,61.52,4.79,4.4,6.01,10.35,36.93
Sales and Related Occupations,Advertising Sales Agents,18,40,823,82,160,9.13,20.2,32.92,20.45,10.69,7.91,10.79,16.4,8.25,6.11
Sales and Related Occupations,Cashiers,34022,29292,27759,37659,25672,92.2,70.92,127.34,110.76,67.56,57.72,57.7,80.23,81.18,48.64
Sales and Related Occupations,Counter and Rental Clerks and Parts Salespersons,1018,200,1095,957,475,12.57,5.01,13.69,5.76,12.17,10.51,4.41,13.12,3.83,8.8
Sales and Related Occupations,First-Line Supervisors of Sales Workers,21454,11893,21244,11592,11912,12.79,7.33,20.1,8.3,7.7,7,4.07,7.21,4.68,4.19
Sales and Related Occupations,Insurance Sales Agents,2727,1791,1927,2353,1039,12.34,12.1,7.83,7.15,8.66,6.97,5.71,4.16,3.95,4.6
Sales and Related Occupations,"Miscellaneous Sales Representatives, Services",19438,30989,37188,30104,12201,35.41,20.81,31.65,29.06,20.44,14.47,11.19,14.78,13.06,9.03
Sales and Related Occupations,Miscellaneous Sales and Related Workers,323,5411,2496,1904,390,32.35,193.24,131.39,272.07,,27.83,152.8,85.07,66.05,
Sales and Related Occupations,"Models, Demonstrators, and Product Promoters",1721,2234,1925,903,182,10.3,11.01,11,9.41,10.74,6.62,5.96,7.13,6.24,6.79
Sales and Related Occupations,Real Estate Brokers and Sales Agents,858,1017,472,589,548,12.25,15.41,9.08,13.71,9.61,7.03,10.39,5.22,8.98,5.09
Sales and Related Occupations,Retail Salespersons,132412,123974,85786,27324,25551,34.82,23.49,14.87,8.44,9.62,14.59,12.86,8.61,5.16,6.02
Sales and Related Occupations,Sales Engineers,674,225,1483,1120,544,56.16,7.49,17.66,28.71,9.9,14.07,4.26,7.1,11.59,7.12
Sales and Related Occupations,"Sales Representatives, Wholesale and Manufacturing",5383,9860,7872,5426,4128,14.55,14.85,11.25,18.03,14.79,8.88,5.38,8.42,8.38,7.97
Sales and Related Occupations,"Securities, Commodities, and Financial Services Sales Agents",1112,1145,230,5050,5770,38.34,22.89,12.75,35.31,40.07,27.74,14.35,10.59,21.09,24.59
Sales and Related Occupations,Telemarketers,265,247,367,451,428,265.02,61.74,61.24,45.09,71.29,264.34,35.1,26.94,23.37,37.31
Sales and Related Occupations,Travel Agents,0,39,135,8,77,0.1,7.77,4.52,7.59,77.12,0.1,2.04,4.42,7.18,50
Transportation and Material Moving Occupations,Air Traffic Controllers and Airfield Operations Specialists,0,2,2,79,61,,,2.39,39.5,60.73,,,2.31,19.95,30.69
Transportation and Material Moving Occupations,Aircraft Pilots and Flight Engineers,0,0,0,1,4,,,,,,,,,,
Transportation and Material Moving Occupations,"Ambulance Drivers and Attendants, Except Emergency Medical Technicians",1,3,0,0,0,,3.25,,,,,2.6,,,
Transportation and Material Moving Occupations,Bridge and Lock Tenders,10,101,11,1,5,,100.74,10.83,,,,43.07,10.7,,
Transportation and Material Moving Occupations,Crane and Tower Operators,95,2,1,4,32,23.63,,,1.41,6.35,10.84,,,0.8,5.08
Transportation and Material Moving Occupations,Driver/Sales Workers and Truck Drivers,305643,724854,320169,373024,392976,27.92,26.22,16.48,26.33,27.94,14.79,14.2,9.99,16.08,18.64
Transportation and Material Moving Occupations,First-Line Supervisors of Transportation and Material Moving Workers,6729,4395,5031,3740,2573,21.43,7.99,3.63,7.79,4.43,10.5,3.9,2.58,4.63,2.76
Transportation and Material Moving Occupations,Flight Attendants,152,0,0,0,0,11.68,,,,,11.27,,,,
Transportation and Material Moving Occupations,Hoist and Winch Operators,2,2,97,0,0,,,19.39,0.36,,,,9.85,0.2,
Transportation and Material Moving Occupations,Industrial Truck and Tractor Operators,9723,9196,3947,3896,3468,9.65,4.72,2.16,7.55,4.25,4.5,2.54,1.32,4.1,2.22
Transportation and Material Moving Occupations,Laborers and Material Movers,185768,49321,35112,40182,42609,20.67,6.3,4.06,5.4,5.79,9.75,3.41,2.48,2.82,3.04
Transportation and Material Moving Occupations,Locomotive Engineers and Operators,0,0,1,0,8,,,,,2.67,,,,,1.87
Transportation and Material Moving Occupations,Miscellaneous Material Moving Workers,1,0,1,0,1,,,,,,,,,,
Transportation and Material Moving Occupations,Miscellaneous Motor Vehicle Operators,31,4,1,552,171,,4.33,0.58,69.04,42.86,,3.9,0.58,46.83,20
Transportation and Material Moving Occupations,Miscellaneous Transportation Workers,0,0,0,0,1,,,,,,,,,,
Transportation and Material Moving Occupations,Parking Attendants,20,249,67,186,41,1.64,2.47,16.72,6.64,4.14,0.66,1.77,8.83,2.24,1.18
Transportation and Material Moving Occupations,Passenger Attendants,38537,22907,24398,24902,20562,147.65,125.17,173.03,136.83,142.79,103.75,100.32,108.34,105.65,103.77
Transportation and Material Moving Occupations,Passenger Vehicle Drivers,490686,715740,354373,467053,534914,88.43,100.44,57.33,62.27,56.68,58.6,74.49,40.81,46.05,43.65
Transportation and Material Moving Occupations,Pumping Station Operators,0,0,0,3,0,,,,,,,,,,
Transportation and Material Moving Occupations,"Railroad Brake, Signal, and Switch Operators and Locomotive Firers",1944,292,0,0,15,81.01,,,,7.53,73.02,,,,3.95
Transportation and Material Moving Occupations,Railroad Conductors and Yardmasters,2,12,1,3,19,,,,,9.48,,,,,6.28
Transportation and Material Moving Occupations,Refuse and Recyclable Material Collectors,15,3,1,0,0,,,,,0,,,,,0
Transportation and Material Moving Occupations,Sailors and Marine Oilers,83,19,54,116,17,,,,,,,,,,
Transportation and Material Moving Occupations,Ship Engineers,0,0,1,1,0,,,,,,,,,,
Transportation and Material Moving Occupations,Ship and Boat Captains and Operators,300,21,9,5,59,12.52,20.87,3.1,,14.78,5.77,1.81,2.08,,4.91
Transportation and Material Moving Occupations,Subway and Streetcar Operators,1,1,0,1,5,,,,,,,,,,
Transportation and Material Moving Occupations,"Tank Car, Truck, and Ship Loaders",60,2,0,0,0,5.42,,,,,3.17,,,,
Transportation and Material Moving Occupations,Traffic Technicians,0,0,0,0,6,,,,,,,,,,
Transportation and Material Moving Occupations,Transportation Inspectors,0,337,300,376,6,0,6.61,60.1,47.05,,0,2.59,23.67,21.36,
Transportation and Material Moving Occupations,Transportation Service Attendants,153,1045,58,42,2,25.58,38.7,29.01,5.27,,20.44,30.98,23.99,4.79,